"path","ownership","subsystem","review_status","what_reviewed","related_perf_ids"
".editorconfig","first_party_build_repository","repository_misc","BUILD_INPUT_REVIEWED","Build/CI/repository input reviewed; relevant commands executed",""
".codex/config.toml","user_untracked_baseline","repository_baseline","HASHED_NOT_EDITED","Relevant pre-existing untracked file; included in snapshot identity and intentionally not interpreted as production code",""
".github/ISSUE_TEMPLATE/bug_report.md","first_party_build_repository","build_startup_packaging","REPOSITORY_INPUT_INVENTORIED","Non-runtime repository input inventoried",""
".github/ISSUE_TEMPLATE/feature_request.md","first_party_build_repository","build_startup_packaging","REPOSITORY_INPUT_INVENTORIED","Non-runtime repository input inventoried",""
".github/release.yml","first_party_build_repository","build_startup_packaging","REPOSITORY_INPUT_INVENTORIED","Non-runtime repository input inventoried",""
".github/workflows/cla.yml","first_party_build_repository","build_startup_packaging","BUILD_INPUT_REVIEWED","Build/CI/repository input reviewed; relevant commands executed",""
".github/workflows/dotnet-desktop.yml","first_party_build_repository","build_startup_packaging","BUILD_INPUT_REVIEWED","Build/CI/repository input reviewed; relevant commands executed",""
".github/workflows/inactive-issue-janitor.yml","first_party_build_repository","build_startup_packaging","BUILD_INPUT_REVIEWED","Build/CI/repository input reviewed; relevant commands executed",""
".github/workflows/microsoft-store.yml","first_party_build_repository","build_startup_packaging","BUILD_INPUT_REVIEWED","Build/CI/repository input reviewed; relevant commands executed",""
".gitignore","first_party_build_repository","repository_misc","BUILD_INPUT_REVIEWED","Build/CI/repository input reviewed; relevant commands executed",""
".gitmodules","first_party_build_repository","repository_misc","BUILD_INPUT_REVIEWED","Build/CI/repository input reviewed; relevant commands executed",""
"CHANGELOG.md","first_party_documentation","documentation","DOCUMENT_INVENTORIED","Repository documentation inventoried; no runtime code",""
"Directory.Build.props","first_party_build_repository","build_startup_packaging","BUILD_INPUT_REVIEWED","Build/CI/repository input reviewed; relevant commands executed",""
"docs/CLA.md","first_party_documentation","documentation","DOCUMENT_INVENTORIED","Repository documentation inventoried; no runtime code",""
"docs/master-satellite-layout.md","first_party_documentation","master_satellites","READ_COMPLETE","Read/created as audit evidence; requirements/status not treated as optimization implementation",""
"docs/performance/AUDIT.md","first_party_documentation","documentation","READ_COMPLETE","Read/created as audit evidence; requirements/status not treated as optimization implementation","PERF-001;PERF-005;PERF-015"
"docs/performance/MEASUREMENTS.csv","first_party_documentation","documentation","READ_COMPLETE","Read/created as audit evidence; requirements/status not treated as optimization implementation","PERF-001;PERF-005;PERF-015"
"FancyWM.DllImports/FancyWM.DllImports.csproj","first_party_production","native_interop_generation","FULL_CONTROL_FLOW_REVIEWED","Entire first-party production file/input read; callers, ownership and runtime cost classified",""
"FancyWM.DllImports/NativeMethods.json","first_party_production","native_interop_generation","FULL_CONTROL_FLOW_REVIEWED","Entire first-party production file/input read; callers, ownership and runtime cost classified","PERF-012"
"FancyWM.DllImports/NativeMethods.txt","first_party_production","native_interop_generation","FULL_CONTROL_FLOW_REVIEWED","Entire first-party production file/input read; callers, ownership and runtime cost classified","PERF-012"
"FancyWM.GUI/app.manifest","first_party_production","startup_lifecycle","FULL_CONTROL_FLOW_REVIEWED","Entire first-party production file/input read; callers, ownership and runtime cost classified",""
"FancyWM.GUI/FancyWM.GUI.csproj","first_party_production","startup_lifecycle","FULL_CONTROL_FLOW_REVIEWED","Entire first-party production file/input read; callers, ownership and runtime cost classified",""
"FancyWM.GUI/Program.cs","first_party_production","startup_lifecycle","FULL_CONTROL_FLOW_REVIEWED","Entire first-party production file/input read; callers, ownership and runtime cost classified",""
"FancyWM.Layouts.Tests/FancyWM.Layouts.Tests.csproj","first_party_test","layout_engine","SUITE_EXECUTED_FILE_INVENTORIED","Debug/Release suite executed; performance-relevant control flow and semantic guards reviewed",""
"FancyWM.Layouts.Tests/FlexTest.cs","first_party_test","layout_engine","SUITE_EXECUTED_FILE_INVENTORIED","Debug/Release suite executed; performance-relevant control flow and semantic guards reviewed",""
"FancyWM.Layouts.Tests/TestUtilities/WindowMockFactory.cs","first_party_test","layout_engine","SUITE_EXECUTED_FILE_INVENTORIED","Debug/Release suite executed; performance-relevant control flow and semantic guards reviewed",""
"FancyWM.Layouts.Tests/Tiling/SplitPanelNodeTest.cs","first_party_test","layout_engine","SUITE_EXECUTED_FILE_INVENTORIED","Debug/Release suite executed; performance-relevant control flow and semantic guards reviewed","PERF-005"
"FancyWM.Layouts/AssemblyInfo.cs","first_party_production","layout_engine","FULL_CONTROL_FLOW_REVIEWED","Entire first-party production file/input read; callers, ownership and runtime cost classified",""
"FancyWM.Layouts/Enumerables.cs","first_party_production","layout_engine","FULL_CONTROL_FLOW_REVIEWED","Entire first-party production file/input read; callers, ownership and runtime cost classified",""
"FancyWM.Layouts/FancyWM.Layouts.csproj","first_party_production","layout_engine","FULL_CONTROL_FLOW_REVIEWED","Entire first-party production file/input read; callers, ownership and runtime cost classified",""
"FancyWM.Layouts/Flex.cs","first_party_production","layout_engine","FULL_CONTROL_FLOW_REVIEWED","Entire first-party production file/input read; callers, ownership and runtime cost classified","PERF-005"
"FancyWM.Layouts/GridLayout.cs","first_party_production","layout_engine","FULL_CONTROL_FLOW_REVIEWED","Entire first-party production file/input read; callers, ownership and runtime cost classified",""
"FancyWM.Layouts/GrowDirection.cs","first_party_production","layout_engine","FULL_CONTROL_FLOW_REVIEWED","Entire first-party production file/input read; callers, ownership and runtime cost classified",""
"FancyWM.Layouts/ILayoutFunction.cs","first_party_production","layout_engine","FULL_CONTROL_FLOW_REVIEWED","Entire first-party production file/input read; callers, ownership and runtime cost classified",""
"FancyWM.Layouts/Numbers.cs","first_party_production","layout_engine","FULL_CONTROL_FLOW_REVIEWED","Entire first-party production file/input read; callers, ownership and runtime cost classified",""
"FancyWM.Layouts/Partition.cs","first_party_production","layout_engine","FULL_CONTROL_FLOW_REVIEWED","Entire first-party production file/input read; callers, ownership and runtime cost classified",""
"FancyWM.Layouts/RatioLayout.cs","first_party_production","layout_engine","FULL_CONTROL_FLOW_REVIEWED","Entire first-party production file/input read; callers, ownership and runtime cost classified",""
"FancyWM.Layouts/RectangleF.cs","first_party_production","layout_engine","FULL_CONTROL_FLOW_REVIEWED","Entire first-party production file/input read; callers, ownership and runtime cost classified",""
"FancyWM.Layouts/Tiling/DesktopTree.cs","first_party_production","layout_engine","FULL_CONTROL_FLOW_REVIEWED","Entire first-party production file/input read; callers, ownership and runtime cost classified","PERF-005;PERF-009"
"FancyWM.Layouts/Tiling/GridLikeNode.cs","first_party_production","layout_engine","FULL_CONTROL_FLOW_REVIEWED","Entire first-party production file/input read; callers, ownership and runtime cost classified","PERF-005;PERF-009"
"FancyWM.Layouts/Tiling/LayoutFunctionNode.cs","first_party_production","layout_engine","FULL_CONTROL_FLOW_REVIEWED","Entire first-party production file/input read; callers, ownership and runtime cost classified","PERF-005;PERF-009"
"FancyWM.Layouts/Tiling/PanelNode.cs","first_party_production","layout_engine","FULL_CONTROL_FLOW_REVIEWED","Entire first-party production file/input read; callers, ownership and runtime cost classified","PERF-005;PERF-009"
"FancyWM.Layouts/Tiling/PlaceholderNode.cs","first_party_production","layout_engine","FULL_CONTROL_FLOW_REVIEWED","Entire first-party production file/input read; callers, ownership and runtime cost classified","PERF-005;PERF-009"
"FancyWM.Layouts/Tiling/SplitPanelNode.cs","first_party_production","layout_engine","FULL_CONTROL_FLOW_REVIEWED","Entire first-party production file/input read; callers, ownership and runtime cost classified","PERF-005;PERF-009"
"FancyWM.Layouts/Tiling/StackPanelNode.cs","first_party_production","layout_engine","FULL_CONTROL_FLOW_REVIEWED","Entire first-party production file/input read; callers, ownership and runtime cost classified","PERF-005;PERF-009"
"FancyWM.Layouts/Tiling/TilingNode.cs","first_party_production","layout_engine","FULL_CONTROL_FLOW_REVIEWED","Entire first-party production file/input read; callers, ownership and runtime cost classified","PERF-005;PERF-009"
"FancyWM.Layouts/Tiling/WindowNode.cs","first_party_production","layout_engine","FULL_CONTROL_FLOW_REVIEWED","Entire first-party production file/input read; callers, ownership and runtime cost classified","PERF-005;PERF-009"
"FancyWM.Package/FancyWM.Package.wapproj","first_party_production","packaging","FULL_CONTROL_FLOW_REVIEWED","Entire first-party production file/input read; callers, ownership and runtime cost classified",""
"FancyWM.Package/Images/Square150x150Logo.png","first_party_binary_asset","packaging","BINARY_INVENTORIED","Type, size, packaging/loading reference reviewed; binary content not reverse-engineered",""
"FancyWM.Package/Images/Square44x44Logo.png","first_party_binary_asset","packaging","BINARY_INVENTORIED","Type, size, packaging/loading reference reviewed; binary content not reverse-engineered",""
"FancyWM.Package/Images/StoreLogo.scale-100.png","first_party_binary_asset","packaging","BINARY_INVENTORIED","Type, size, packaging/loading reference reviewed; binary content not reverse-engineered",""
"FancyWM.Package/Images/StoreLogo.scale-125.png","first_party_binary_asset","packaging","BINARY_INVENTORIED","Type, size, packaging/loading reference reviewed; binary content not reverse-engineered",""
"FancyWM.Package/Images/StoreLogo.scale-150.png","first_party_binary_asset","packaging","BINARY_INVENTORIED","Type, size, packaging/loading reference reviewed; binary content not reverse-engineered",""
"FancyWM.Package/Images/StoreLogo.scale-200.png","first_party_binary_asset","packaging","BINARY_INVENTORIED","Type, size, packaging/loading reference reviewed; binary content not reverse-engineered",""
"FancyWM.Package/Package.appinstaller","first_party_production","packaging","FULL_CONTROL_FLOW_REVIEWED","Entire first-party production file/input read; callers, ownership and runtime cost classified",""
"FancyWM.Package/Package.appxmanifest","first_party_production","packaging","PRODUCTION_ASSET_INVENTORIED","Production asset inclusion and consumer reviewed",""
"FancyWM.sln","first_party_build_repository","build_startup_packaging","BUILD_INPUT_REVIEWED","Build/CI/repository input reviewed; relevant commands executed",""
"FancyWM.Tests/AlgorithmicLayouts/AlgorithmicAutoCreatedDesktopTransferIntegrationTest.cs","first_party_test","master_satellites","SUITE_EXECUTED_FILE_INVENTORIED","Debug/Release suite executed; performance-relevant control flow and semantic guards reviewed",""
"FancyWM.Tests/AlgorithmicLayouts/AlgorithmicDesktopCreationOrchestratorTest.cs","first_party_test","master_satellites","SUITE_EXECUTED_FILE_INVENTORIED","Debug/Release suite executed; performance-relevant control flow and semantic guards reviewed",""
"FancyWM.Tests/AlgorithmicLayouts/AlgorithmicDesktopCreationTrackerTest.cs","first_party_test","master_satellites","SUITE_EXECUTED_FILE_INVENTORIED","Debug/Release suite executed; performance-relevant control flow and semantic guards reviewed",""
"FancyWM.Tests/AlgorithmicLayouts/AlgorithmicLayoutCoordinatorTest.cs","first_party_test","master_satellites","SUITE_EXECUTED_FILE_INVENTORIED","Debug/Release suite executed; performance-relevant control flow and semantic guards reviewed","PERF-008;PERF-020;PERF-022"
"FancyWM.Tests/AlgorithmicLayouts/AlgorithmicLayoutDestinationSearchTest.cs","first_party_test","master_satellites","SUITE_EXECUTED_FILE_INVENTORIED","Debug/Release suite executed; performance-relevant control flow and semantic guards reviewed",""
"FancyWM.Tests/AlgorithmicLayouts/AlgorithmicLayoutEventTest.cs","first_party_test","master_satellites","SUITE_EXECUTED_FILE_INVENTORIED","Debug/Release suite executed; performance-relevant control flow and semantic guards reviewed",""
"FancyWM.Tests/AlgorithmicLayouts/AlgorithmicLayoutMultiMonitorTest.cs","first_party_test","master_satellites","SUITE_EXECUTED_FILE_INVENTORIED","Debug/Release suite executed; performance-relevant control flow and semantic guards reviewed",""
"FancyWM.Tests/AlgorithmicLayouts/AlgorithmicWindowTransferEventTrackerTest.cs","first_party_test","master_satellites","SUITE_EXECUTED_FILE_INVENTORIED","Debug/Release suite executed; performance-relevant control flow and semantic guards reviewed",""
"FancyWM.Tests/AlgorithmicLayouts/AlgorithmicWindowTransferOrchestratorTest.cs","first_party_test","master_satellites","SUITE_EXECUTED_FILE_INVENTORIED","Debug/Release suite executed; performance-relevant control flow and semantic guards reviewed",""
"FancyWM.Tests/AlgorithmicLayouts/AlgorithmicWindowTransferWorkspaceIntegrationTest.cs","first_party_test","master_satellites","SUITE_EXECUTED_FILE_INVENTORIED","Debug/Release suite executed; performance-relevant control flow and semantic guards reviewed",""
"FancyWM.Tests/AlgorithmicLayouts/MasterSatelliteArrangeFailureTest.cs","first_party_test","master_satellites","SUITE_EXECUTED_FILE_INVENTORIED","Debug/Release suite executed; performance-relevant control flow and semantic guards reviewed","PERF-006;PERF-007;PERF-008"
"FancyWM.Tests/AlgorithmicLayouts/MasterSatelliteCapacityTransitionPlannerTest.cs","first_party_test","master_satellites","SUITE_EXECUTED_FILE_INVENTORIED","Debug/Release suite executed; performance-relevant control flow and semantic guards reviewed","PERF-006;PERF-007;PERF-008"
"FancyWM.Tests/AlgorithmicLayouts/MasterSatelliteCommandControllerTest.cs","first_party_test","master_satellites","SUITE_EXECUTED_FILE_INVENTORIED","Debug/Release suite executed; performance-relevant control flow and semantic guards reviewed","PERF-006;PERF-007;PERF-008"
"FancyWM.Tests/AlgorithmicLayouts/MasterSatelliteDropControllerTest.cs","first_party_test","master_satellites","SUITE_EXECUTED_FILE_INVENTORIED","Debug/Release suite executed; performance-relevant control flow and semantic guards reviewed","PERF-006;PERF-007;PERF-008"
"FancyWM.Tests/AlgorithmicLayouts/MasterSatelliteExistingWindowOverflowIntegrationTest.cs","first_party_test","master_satellites","SUITE_EXECUTED_FILE_INVENTORIED","Debug/Release suite executed; performance-relevant control flow and semantic guards reviewed","PERF-006;PERF-007;PERF-008"
"FancyWM.Tests/AlgorithmicLayouts/MasterSatelliteLayoutEngineConstructionTest.cs","first_party_test","master_satellites","SUITE_EXECUTED_FILE_INVENTORIED","Debug/Release suite executed; performance-relevant control flow and semantic guards reviewed","PERF-006;PERF-007;PERF-008"
"FancyWM.Tests/AlgorithmicLayouts/MasterSatelliteLayoutEngineInvariantTest.cs","first_party_test","master_satellites","SUITE_EXECUTED_FILE_INVENTORIED","Debug/Release suite executed; performance-relevant control flow and semantic guards reviewed","PERF-006;PERF-007;PERF-008"
"FancyWM.Tests/AlgorithmicLayouts/MasterSatelliteLayoutEngineOperationTest.cs","first_party_test","master_satellites","SUITE_EXECUTED_FILE_INVENTORIED","Debug/Release suite executed; performance-relevant control flow and semantic guards reviewed","PERF-006;PERF-007;PERF-008"
"FancyWM.Tests/AlgorithmicLayouts/MasterSatelliteLayoutEngineRatioTest.cs","first_party_test","master_satellites","SUITE_EXECUTED_FILE_INVENTORIED","Debug/Release suite executed; performance-relevant control flow and semantic guards reviewed","PERF-006;PERF-007;PERF-008"
"FancyWM.Tests/AlgorithmicLayouts/MasterSatelliteLocalPlacementTest.cs","first_party_test","master_satellites","SUITE_EXECUTED_FILE_INVENTORIED","Debug/Release suite executed; performance-relevant control flow and semantic guards reviewed","PERF-006;PERF-007;PERF-008"
"FancyWM.Tests/AlgorithmicLayouts/MasterSatelliteRuntimeLifecycleTest.cs","first_party_test","master_satellites","SUITE_EXECUTED_FILE_INVENTORIED","Debug/Release suite executed; performance-relevant control flow and semantic guards reviewed","PERF-006;PERF-007;PERF-008"
"FancyWM.Tests/AlgorithmicLayouts/MultiDisplayTilingServiceIntegrationTest.cs","first_party_test","master_satellites","SUITE_EXECUTED_FILE_INVENTORIED","Debug/Release suite executed; performance-relevant control flow and semantic guards reviewed","PERF-002;PERF-003;PERF-004;PERF-006;PERF-007;PERF-008;PERF-009;PERF-016;PERF-019;PERF-022"
"FancyWM.Tests/AlgorithmicLayouts/TilingServiceAlgorithmicIntegrationTest.cs","first_party_test","master_satellites","SUITE_EXECUTED_FILE_INVENTORIED","Debug/Release suite executed; performance-relevant control flow and semantic guards reviewed","PERF-002;PERF-004;PERF-006;PERF-007;PERF-008;PERF-009;PERF-019;PERF-022"
"FancyWM.Tests/AlgorithmicLayouts/UniqueWindowMockFactory.cs","first_party_test","master_satellites","SUITE_EXECUTED_FILE_INVENTORIED","Debug/Release suite executed; performance-relevant control flow and semantic guards reviewed",""
"FancyWM.Tests/Converters/ColorConverterTest.cs","first_party_test","tests","SUITE_EXECUTED_FILE_INVENTORIED","Debug/Release suite executed; performance-relevant control flow and semantic guards reviewed",""
"FancyWM.Tests/Converters/KeybindingConverterTest.cs","first_party_test","tests","SUITE_EXECUTED_FILE_INVENTORIED","Debug/Release suite executed; performance-relevant control flow and semantic guards reviewed",""
"FancyWM.Tests/FancyWM.Tests.csproj","first_party_test","tests","SUITE_EXECUTED_FILE_INVENTORIED","Debug/Release suite executed; performance-relevant control flow and semantic guards reviewed",""
"FancyWM.Tests/LegacyTilingWorkspaceCompatibilityTest.cs","first_party_test","tiling_core","SUITE_EXECUTED_FILE_INVENTORIED","Debug/Release suite executed; performance-relevant control flow and semantic guards reviewed","PERF-007;PERF-008;PERF-009;PERF-022"
"FancyWM.Tests/Models/MasterSatelliteKeybindingTest.cs","first_party_test","tests","SUITE_EXECUTED_FILE_INVENTORIED","Debug/Release suite executed; performance-relevant control flow and semantic guards reviewed","PERF-006;PERF-007;PERF-008"
"FancyWM.Tests/Models/MasterSatelliteLayoutSettingsTest.cs","first_party_test","tests","SUITE_EXECUTED_FILE_INVENTORIED","Debug/Release suite executed; performance-relevant control flow and semantic guards reviewed","PERF-006;PERF-007;PERF-008"
"FancyWM.Tests/Models/MasterSatellitePreviewPlanTest.cs","first_party_test","tests","SUITE_EXECUTED_FILE_INVENTORIED","Debug/Release suite executed; performance-relevant control flow and semantic guards reviewed","PERF-006;PERF-007;PERF-008"
"FancyWM.Tests/Models/SettingsViewModelTest.cs","first_party_test","settings_persistence_ui","SUITE_EXECUTED_FILE_INVENTORIED","Debug/Release suite executed; performance-relevant control flow and semantic guards reviewed","PERF-014;PERF-025;PERF-033"
"FancyWM.Tests/MultiDisplayActiveDisplaySelectorTest.cs","first_party_test","tiling_core","SUITE_EXECUTED_FILE_INVENTORIED","Debug/Release suite executed; performance-relevant control flow and semantic guards reviewed",""
"FancyWM.Tests/TestUtilities/Applications.cs","first_party_test","tests","SUITE_EXECUTED_FILE_INVENTORIED","Debug/Release suite executed; performance-relevant control flow and semantic guards reviewed",""
"FancyWM.Tests/TestUtilities/Dispatchers.cs","first_party_test","tests","SUITE_EXECUTED_FILE_INVENTORIED","Debug/Release suite executed; performance-relevant control flow and semantic guards reviewed",""
"FancyWM.Tests/TestUtilities/VirtualDesktopMockFactory.cs","first_party_test","tests","SUITE_EXECUTED_FILE_INVENTORIED","Debug/Release suite executed; performance-relevant control flow and semantic guards reviewed",""
"FancyWM.Tests/TestUtilities/WindowMockFactory.cs","first_party_test","tests","SUITE_EXECUTED_FILE_INVENTORIED","Debug/Release suite executed; performance-relevant control flow and semantic guards reviewed",""
"FancyWM.Tests/TilingManagerTest.cs","first_party_test","tests","SUITE_EXECUTED_FILE_INVENTORIED","Debug/Release suite executed; performance-relevant control flow and semantic guards reviewed",""
"FancyWM.Tests/TilingWorkspaceMasterSatelliteTest.cs","first_party_test","tiling_core","SUITE_EXECUTED_FILE_INVENTORIED","Debug/Release suite executed; performance-relevant control flow and semantic guards reviewed","PERF-006;PERF-007;PERF-008;PERF-009;PERF-022"
"FancyWM.Tests/TilingWorkspaceTest.cs","first_party_test","tiling_core","SUITE_EXECUTED_FILE_INVENTORIED","Debug/Release suite executed; performance-relevant control flow and semantic guards reviewed","PERF-007;PERF-008;PERF-009;PERF-022"
"FancyWM.Tests/Utilities/CollectionsTest.cs","first_party_test","tests","SUITE_EXECUTED_FILE_INVENTORIED","Debug/Release suite executed; performance-relevant control flow and semantic guards reviewed",""
"FancyWM.Tests/Utilities/CountdownTimerTest.cs","first_party_test","tests","SUITE_EXECUTED_FILE_INVENTORIED","Debug/Release suite executed; performance-relevant control flow and semantic guards reviewed",""
"FancyWM.Tests/Utilities/EasingFunctionTest.cs","first_party_test","tests","SUITE_EXECUTED_FILE_INVENTORIED","Debug/Release suite executed; performance-relevant control flow and semantic guards reviewed",""
"FancyWM.Tests/Utilities/EntitiesTest.cs","first_party_test","tests","SUITE_EXECUTED_FILE_INVENTORIED","Debug/Release suite executed; performance-relevant control flow and semantic guards reviewed",""
"FancyWM.Tests/Utilities/ErrorEncoderTest.cs","first_party_test","tests","SUITE_EXECUTED_FILE_INVENTORIED","Debug/Release suite executed; performance-relevant control flow and semantic guards reviewed",""
"FancyWM.Tests/Utilities/KeyDescriptionsTest.cs","first_party_test","tests","SUITE_EXECUTED_FILE_INVENTORIED","Debug/Release suite executed; performance-relevant control flow and semantic guards reviewed",""
"FancyWM.Tests/Utilities/LowLevelKeyboardHookTest.cs","first_party_test","input_hooks_hotkeys","SUITE_EXECUTED_FILE_INVENTORIED","Debug/Release suite executed; performance-relevant control flow and semantic guards reviewed","PERF-016;PERF-017;PERF-031"
"FancyWM.Tests/Utilities/WindowMatcherTest.cs","first_party_test","tests","SUITE_EXECUTED_FILE_INVENTORIED","Debug/Release suite executed; performance-relevant control flow and semantic guards reviewed",""
"FancyWM.Tests/WorkspaceFloatingWindowRegistryTest.cs","first_party_test","tests","SUITE_EXECUTED_FILE_INVENTORIED","Debug/Release suite executed; performance-relevant control flow and semantic guards reviewed",""
"FancyWM.ThemeEngine.Tests/CssToWpfResourceConverterTest.cs","first_party_test","theme_engine","SUITE_EXECUTED_FILE_INVENTORIED","Debug/Release suite executed; performance-relevant control flow and semantic guards reviewed","PERF-015;PERF-024;PERF-035;PERF-036"
"FancyWM.ThemeEngine.Tests/FancyWM.ThemeEngine.Tests.csproj","first_party_test","theme_engine","SUITE_EXECUTED_FILE_INVENTORIED","Debug/Release suite executed; performance-relevant control flow and semantic guards reviewed","PERF-015;PERF-024;PERF-035;PERF-036"
"FancyWM.ThemeEngine.Tests/WpfGradientTest.cs","first_party_test","theme_engine","SUITE_EXECUTED_FILE_INVENTORIED","Debug/Release suite executed; performance-relevant control flow and semantic guards reviewed","PERF-015;PERF-024;PERF-035;PERF-036"
"FancyWM.ThemeEngine/Extensions/CustomDeclarationFactory.cs","first_party_production","theme_engine","FULL_CONTROL_FLOW_REVIEWED","Entire first-party production file/input read; callers, ownership and runtime cost classified","PERF-015;PERF-024;PERF-035;PERF-036"
"FancyWM.ThemeEngine/Extensions/DropShadowConverter.cs","first_party_production","theme_engine","FULL_CONTROL_FLOW_REVIEWED","Entire first-party production file/input read; callers, ownership and runtime cost classified","PERF-015;PERF-024;PERF-035;PERF-036"
"FancyWM.ThemeEngine/FancyWM.ThemeEngine.csproj","first_party_production","theme_engine","FULL_CONTROL_FLOW_REVIEWED","Entire first-party production file/input read; callers, ownership and runtime cost classified","PERF-015;PERF-024;PERF-035;PERF-036"
"FancyWM.ThemeEngine/ICssValueConverter.cs","first_party_production","theme_engine","FULL_CONTROL_FLOW_REVIEWED","Entire first-party production file/input read; callers, ownership and runtime cost classified","PERF-015;PERF-024;PERF-035;PERF-036"
"FancyWM.ThemeEngine/ICssValueExtensions.cs","first_party_production","theme_engine","FULL_CONTROL_FLOW_REVIEWED","Entire first-party production file/input read; callers, ownership and runtime cost classified","PERF-015;PERF-024;PERF-035;PERF-036"
"FancyWM.ThemeEngine/ICssValueVisitor.cs","first_party_production","theme_engine","FULL_CONTROL_FLOW_REVIEWED","Entire first-party production file/input read; callers, ownership and runtime cost classified","PERF-015;PERF-024;PERF-035;PERF-036"
"FancyWM.ThemeEngine/StyledDocument.cs","first_party_production","theme_engine","FULL_CONTROL_FLOW_REVIEWED","Entire first-party production file/input read; callers, ownership and runtime cost classified","PERF-015;PERF-024;PERF-035;PERF-036"
"FancyWM.ThemeEngine/Wpf/Converters/BackgroundLayerBrushConverter.cs","first_party_production","theme_engine","FULL_CONTROL_FLOW_REVIEWED","Entire first-party production file/input read; callers, ownership and runtime cost classified","PERF-015;PERF-024;PERF-035;PERF-036"
"FancyWM.ThemeEngine/Wpf/Converters/BackgroundValueBrushConverter.cs","first_party_production","theme_engine","FULL_CONTROL_FLOW_REVIEWED","Entire first-party production file/input read; callers, ownership and runtime cost classified","PERF-015;PERF-024;PERF-035;PERF-036"
"FancyWM.ThemeEngine/Wpf/Converters/BorderRadiusCornerRadiusConverter.cs","first_party_production","theme_engine","FULL_CONTROL_FLOW_REVIEWED","Entire first-party production file/input read; callers, ownership and runtime cost classified","PERF-015;PERF-024;PERF-035;PERF-036"
"FancyWM.ThemeEngine/Wpf/Converters/BorderRadiusDoubleConverter.cs","first_party_production","theme_engine","FULL_CONTROL_FLOW_REVIEWED","Entire first-party production file/input read; callers, ownership and runtime cost classified","PERF-015;PERF-024;PERF-035;PERF-036"
"FancyWM.ThemeEngine/Wpf/Converters/ColorColorConverter.cs","first_party_production","theme_engine","FULL_CONTROL_FLOW_REVIEWED","Entire first-party production file/input read; callers, ownership and runtime cost classified","PERF-015;PERF-024;PERF-035;PERF-036"
"FancyWM.ThemeEngine/Wpf/Converters/ColorSolidColorBrushConverter.cs","first_party_production","theme_engine","FULL_CONTROL_FLOW_REVIEWED","Entire first-party production file/input read; callers, ownership and runtime cost classified","PERF-015;PERF-024;PERF-035;PERF-036"
"FancyWM.ThemeEngine/Wpf/Converters/ConverterRegistry.cs","first_party_production","theme_engine","FULL_CONTROL_FLOW_REVIEWED","Entire first-party production file/input read; callers, ownership and runtime cost classified","PERF-015;PERF-024;PERF-035;PERF-036"
"FancyWM.ThemeEngine/Wpf/Converters/DropShadowFilterValueDropShadowEffectConverter.cs","first_party_production","theme_engine","FULL_CONTROL_FLOW_REVIEWED","Entire first-party production file/input read; callers, ownership and runtime cost classified","PERF-015;PERF-024;PERF-035;PERF-036"
"FancyWM.ThemeEngine/Wpf/Converters/GradientUtilities.cs","first_party_production","theme_engine","FULL_CONTROL_FLOW_REVIEWED","Entire first-party production file/input read; callers, ownership and runtime cost classified","PERF-015;PERF-024;PERF-035;PERF-036"
"FancyWM.ThemeEngine/Wpf/Converters/LengthDoubleConverter.cs","first_party_production","theme_engine","FULL_CONTROL_FLOW_REVIEWED","Entire first-party production file/input read; callers, ownership and runtime cost classified","PERF-015;PERF-024;PERF-035;PERF-036"
"FancyWM.ThemeEngine/Wpf/Converters/LengthFontWeightConverter.cs","first_party_production","theme_engine","FULL_CONTROL_FLOW_REVIEWED","Entire first-party production file/input read; callers, ownership and runtime cost classified","PERF-015;PERF-024;PERF-035;PERF-036"
"FancyWM.ThemeEngine/Wpf/Converters/LengthThicknessConverter.cs","first_party_production","theme_engine","FULL_CONTROL_FLOW_REVIEWED","Entire first-party production file/input read; callers, ownership and runtime cost classified","PERF-015;PERF-024;PERF-035;PERF-036"
"FancyWM.ThemeEngine/Wpf/Converters/LinearGradientBrushConverter.cs","first_party_production","theme_engine","FULL_CONTROL_FLOW_REVIEWED","Entire first-party production file/input read; callers, ownership and runtime cost classified","PERF-015;PERF-024;PERF-035;PERF-036"
"FancyWM.ThemeEngine/Wpf/Converters/PeriodicValueThicknessConverter.cs","first_party_production","theme_engine","FULL_CONTROL_FLOW_REVIEWED","Entire first-party production file/input read; callers, ownership and runtime cost classified","PERF-015;PERF-024;PERF-035;PERF-036"
"FancyWM.ThemeEngine/Wpf/Converters/PrimitiveValueFontFamilyConverter.cs","first_party_production","theme_engine","FULL_CONTROL_FLOW_REVIEWED","Entire first-party production file/input read; callers, ownership and runtime cost classified","PERF-015;PERF-024;PERF-035;PERF-036"
"FancyWM.ThemeEngine/Wpf/Converters/RadialGradientBrushConverter.cs","first_party_production","theme_engine","FULL_CONTROL_FLOW_REVIEWED","Entire first-party production file/input read; callers, ownership and runtime cost classified","PERF-015;PERF-024;PERF-035;PERF-036"
"FancyWM.ThemeEngine/Wpf/Converters/UrlValueImageBrushConverter.cs","first_party_production","theme_engine","FULL_CONTROL_FLOW_REVIEWED","Entire first-party production file/input read; callers, ownership and runtime cost classified","PERF-015;PERF-024;PERF-035;PERF-036"
"FancyWM.ThemeEngine/Wpf/CssBindingRegistry.cs","first_party_production","theme_engine","FULL_CONTROL_FLOW_REVIEWED","Entire first-party production file/input read; callers, ownership and runtime cost classified","PERF-015;PERF-024;PERF-035;PERF-036"
"FancyWM.ThemeEngine/Wpf/CssDictionary.cs","first_party_production","theme_engine","FULL_CONTROL_FLOW_REVIEWED","Entire first-party production file/input read; callers, ownership and runtime cost classified","PERF-015;PERF-024;PERF-035;PERF-036"
"FancyWM.ThemeEngine/Wpf/CssManager.cs","first_party_production","theme_engine","FULL_CONTROL_FLOW_REVIEWED","Entire first-party production file/input read; callers, ownership and runtime cost classified","PERF-015;PERF-024;PERF-035;PERF-036"
"FancyWM.ThemeEngine/Wpf/CssResourceExtension.cs","first_party_production","theme_engine","FULL_CONTROL_FLOW_REVIEWED","Entire first-party production file/input read; callers, ownership and runtime cost classified","PERF-015;PERF-024;PERF-035;PERF-036"
"FancyWM.ThemeEngine/Wpf/CssToWpfResourceConverter.cs","first_party_production","theme_engine","FULL_CONTROL_FLOW_REVIEWED","Entire first-party production file/input read; callers, ownership and runtime cost classified","PERF-015;PERF-024;PERF-035;PERF-036"
"FancyWM.ThemeEngine/Wpf/CssValue.cs","first_party_production","theme_engine","FULL_CONTROL_FLOW_REVIEWED","Entire first-party production file/input read; callers, ownership and runtime cost classified","PERF-015;PERF-024;PERF-035;PERF-036"
"FancyWM.ThemeEngine/Wpf/FreezableExtensions.cs","first_party_production","theme_engine","FULL_CONTROL_FLOW_REVIEWED","Entire first-party production file/input read; callers, ownership and runtime cost classified","PERF-015;PERF-024;PERF-035;PERF-036"
"FancyWM/AlgorithmicLayouts/AlgorithmicDesktopCreationOrchestrator.cs","first_party_production","master_satellites","FULL_CONTROL_FLOW_REVIEWED","Entire first-party production file/input read; callers, ownership and runtime cost classified",""
"FancyWM/AlgorithmicLayouts/AlgorithmicDesktopCreationTracker.cs","first_party_production","master_satellites","FULL_CONTROL_FLOW_REVIEWED","Entire first-party production file/input read; callers, ownership and runtime cost classified",""
"FancyWM/AlgorithmicLayouts/AlgorithmicLayoutCoordinator.cs","first_party_production","master_satellites","FULL_CONTROL_FLOW_REVIEWED","Entire first-party production file/input read; callers, ownership and runtime cost classified","PERF-008;PERF-020;PERF-022"
"FancyWM/AlgorithmicLayouts/AlgorithmicLayoutCoordinator.Destinations.cs","first_party_production","master_satellites","FULL_CONTROL_FLOW_REVIEWED","Entire first-party production file/input read; callers, ownership and runtime cost classified","PERF-008;PERF-020;PERF-022"
"FancyWM/AlgorithmicLayouts/AlgorithmicLayoutEvent.cs","first_party_production","master_satellites","FULL_CONTROL_FLOW_REVIEWED","Entire first-party production file/input read; callers, ownership and runtime cost classified",""
"FancyWM/AlgorithmicLayouts/AlgorithmicLayoutNotificationFormatter.cs","first_party_production","master_satellites","FULL_CONTROL_FLOW_REVIEWED","Entire first-party production file/input read; callers, ownership and runtime cost classified",""
"FancyWM/AlgorithmicLayouts/AlgorithmicWindowTransferEventTracker.cs","first_party_production","master_satellites","FULL_CONTROL_FLOW_REVIEWED","Entire first-party production file/input read; callers, ownership and runtime cost classified",""
"FancyWM/AlgorithmicLayouts/AlgorithmicWindowTransferOrchestrator.cs","first_party_production","master_satellites","FULL_CONTROL_FLOW_REVIEWED","Entire first-party production file/input read; callers, ownership and runtime cost classified",""
"FancyWM/AlgorithmicLayouts/LayoutStateKey.cs","first_party_production","master_satellites","FULL_CONTROL_FLOW_REVIEWED","Entire first-party production file/input read; callers, ownership and runtime cost classified",""
"FancyWM/AlgorithmicLayouts/MasterSatelliteArrangeFailure.cs","first_party_production","master_satellites","FULL_CONTROL_FLOW_REVIEWED","Entire first-party production file/input read; callers, ownership and runtime cost classified","PERF-006;PERF-007;PERF-008"
"FancyWM/AlgorithmicLayouts/MasterSatelliteCapacityTransitionPlanner.cs","first_party_production","master_satellites","FULL_CONTROL_FLOW_REVIEWED","Entire first-party production file/input read; callers, ownership and runtime cost classified","PERF-006;PERF-007;PERF-008"
"FancyWM/AlgorithmicLayouts/MasterSatelliteCommandController.cs","first_party_production","master_satellites","FULL_CONTROL_FLOW_REVIEWED","Entire first-party production file/input read; callers, ownership and runtime cost classified","PERF-006;PERF-007;PERF-008"
"FancyWM/AlgorithmicLayouts/MasterSatelliteDropController.cs","first_party_production","master_satellites","FULL_CONTROL_FLOW_REVIEWED","Entire first-party production file/input read; callers, ownership and runtime cost classified","PERF-006;PERF-007;PERF-008"
"FancyWM/AlgorithmicLayouts/MasterSatelliteLayoutEngine.cs","first_party_production","master_satellites","FULL_CONTROL_FLOW_REVIEWED","Entire first-party production file/input read; callers, ownership and runtime cost classified","PERF-006;PERF-007;PERF-008"
"FancyWM/AlgorithmicLayouts/MasterSatelliteResults.cs","first_party_production","master_satellites","FULL_CONTROL_FLOW_REVIEWED","Entire first-party production file/input read; callers, ownership and runtime cost classified","PERF-006;PERF-007;PERF-008"
"FancyWM/AlgorithmicLayouts/MasterSatelliteRuntimeRegistry.cs","first_party_production","master_satellites","FULL_CONTROL_FLOW_REVIEWED","Entire first-party production file/input read; callers, ownership and runtime cost classified","PERF-006;PERF-007;PERF-008"
"FancyWM/AlgorithmicLayouts/MasterSatelliteRuntimeState.cs","first_party_production","master_satellites","FULL_CONTROL_FLOW_REVIEWED","Entire first-party production file/input read; callers, ownership and runtime cost classified","PERF-006;PERF-007;PERF-008"
"FancyWM/AlgorithmicLayouts/PendingWindowTransfer.cs","first_party_production","master_satellites","FULL_CONTROL_FLOW_REVIEWED","Entire first-party production file/input read; callers, ownership and runtime cost classified",""
"FancyWM/App.config","first_party_production","repository_misc","FULL_CONTROL_FLOW_REVIEWED","Entire first-party production file/input read; callers, ownership and runtime cost classified",""
"FancyWM/app.manifest","first_party_production","build_startup_packaging","FULL_CONTROL_FLOW_REVIEWED","Entire first-party production file/input read; callers, ownership and runtime cost classified",""
"FancyWM/App.xaml","first_party_production","startup_lifecycle","FULL_CONTROL_FLOW_REVIEWED","Entire first-party production file/input read; callers, ownership and runtime cost classified","PERF-013;PERF-016;PERF-017;PERF-019;PERF-024;PERF-026"
"FancyWM/App.xaml.cs","first_party_production","startup_lifecycle","FULL_CONTROL_FLOW_REVIEWED","Entire first-party production file/input read; callers, ownership and runtime cost classified","PERF-013;PERF-016;PERF-017;PERF-019;PERF-024;PERF-026"
"FancyWM/AssemblyInfo.cs","first_party_production","repository_misc","FULL_CONTROL_FLOW_REVIEWED","Entire first-party production file/input read; callers, ownership and runtime cost classified",""
"FancyWM/Controls/KeybindingList.xaml","first_party_production","wpf_ui","FULL_CONTROL_FLOW_REVIEWED","Entire first-party production file/input read; callers, ownership and runtime cost classified",""
"FancyWM/Controls/KeybindingList.xaml.cs","first_party_production","wpf_ui","FULL_CONTROL_FLOW_REVIEWED","Entire first-party production file/input read; callers, ownership and runtime cost classified",""
"FancyWM/Controls/KeyboardButton.xaml","first_party_production","wpf_ui","FULL_CONTROL_FLOW_REVIEWED","Entire first-party production file/input read; callers, ownership and runtime cost classified",""
"FancyWM/Controls/KeyboardButton.xaml.cs","first_party_production","wpf_ui","FULL_CONTROL_FLOW_REVIEWED","Entire first-party production file/input read; callers, ownership and runtime cost classified",""
"FancyWM/Controls/KeyPattern.xaml","first_party_production","input_hooks_hotkeys","FULL_CONTROL_FLOW_REVIEWED","Entire first-party production file/input read; callers, ownership and runtime cost classified",""
"FancyWM/Controls/KeyPattern.xaml.cs","first_party_production","input_hooks_hotkeys","FULL_CONTROL_FLOW_REVIEWED","Entire first-party production file/input read; callers, ownership and runtime cost classified",""
"FancyWM/Controls/KeyPressBox.xaml","first_party_production","wpf_ui","FULL_CONTROL_FLOW_REVIEWED","Entire first-party production file/input read; callers, ownership and runtime cost classified",""
"FancyWM/Controls/KeyPressBox.xaml.cs","first_party_production","wpf_ui","FULL_CONTROL_FLOW_REVIEWED","Entire first-party production file/input read; callers, ownership and runtime cost classified",""
"FancyWM/Controls/MessageBoxContent.xaml","first_party_production","wpf_ui","FULL_CONTROL_FLOW_REVIEWED","Entire first-party production file/input read; callers, ownership and runtime cost classified",""
"FancyWM/Controls/MessageBoxContent.xaml.cs","first_party_production","wpf_ui","FULL_CONTROL_FLOW_REVIEWED","Entire first-party production file/input read; callers, ownership and runtime cost classified",""
"FancyWM/Controls/NonHitTestableTilingOverlay.xaml","first_party_production","overlay_wpf","FULL_CONTROL_FLOW_REVIEWED","Entire first-party production file/input read; callers, ownership and runtime cost classified","PERF-028;PERF-029"
"FancyWM/Controls/NonHitTestableTilingOverlay.xaml.cs","first_party_production","overlay_wpf","FULL_CONTROL_FLOW_REVIEWED","Entire first-party production file/input read; callers, ownership and runtime cost classified","PERF-028;PERF-029"
"FancyWM/Controls/StringsListBox.xaml","first_party_production","wpf_ui","FULL_CONTROL_FLOW_REVIEWED","Entire first-party production file/input read; callers, ownership and runtime cost classified","PERF-032"
"FancyWM/Controls/StringsListBox.xaml.cs","first_party_production","wpf_ui","FULL_CONTROL_FLOW_REVIEWED","Entire first-party production file/input read; callers, ownership and runtime cost classified","PERF-032"
"FancyWM/Controls/SvgIcon.xaml","first_party_production","wpf_ui","FULL_CONTROL_FLOW_REVIEWED","Entire first-party production file/input read; callers, ownership and runtime cost classified",""
"FancyWM/Controls/SvgIcon.xaml.cs","first_party_production","wpf_ui","FULL_CONTROL_FLOW_REVIEWED","Entire first-party production file/input read; callers, ownership and runtime cost classified",""
"FancyWM/Controls/TabBar.xaml","first_party_production","wpf_ui","FULL_CONTROL_FLOW_REVIEWED","Entire first-party production file/input read; callers, ownership and runtime cost classified",""
"FancyWM/Controls/TabBar.xaml.cs","first_party_production","wpf_ui","FULL_CONTROL_FLOW_REVIEWED","Entire first-party production file/input read; callers, ownership and runtime cost classified",""
"FancyWM/Controls/TestControl.xaml","first_party_production","wpf_ui","FULL_CONTROL_FLOW_REVIEWED","Entire first-party production file/input read; callers, ownership and runtime cost classified",""
"FancyWM/Controls/TestControl.xaml.cs","first_party_production","wpf_ui","FULL_CONTROL_FLOW_REVIEWED","Entire first-party production file/input read; callers, ownership and runtime cost classified",""
"FancyWM/Controls/TilingNodeCaptionBlock.xaml","first_party_production","wpf_ui","FULL_CONTROL_FLOW_REVIEWED","Entire first-party production file/input read; callers, ownership and runtime cost classified",""
"FancyWM/Controls/TilingNodeCaptionBlock.xaml.cs","first_party_production","wpf_ui","FULL_CONTROL_FLOW_REVIEWED","Entire first-party production file/input read; callers, ownership and runtime cost classified",""
"FancyWM/Controls/TilingNodeTab.xaml","first_party_production","wpf_ui","FULL_CONTROL_FLOW_REVIEWED","Entire first-party production file/input read; callers, ownership and runtime cost classified",""
"FancyWM/Controls/TilingNodeTab.xaml.cs","first_party_production","wpf_ui","FULL_CONTROL_FLOW_REVIEWED","Entire first-party production file/input read; callers, ownership and runtime cost classified",""
"FancyWM/Controls/TilingOverlay.xaml","first_party_production","overlay_wpf","FULL_CONTROL_FLOW_REVIEWED","Entire first-party production file/input read; callers, ownership and runtime cost classified","PERF-029"
"FancyWM/Controls/TilingOverlay.xaml.cs","first_party_production","overlay_wpf","FULL_CONTROL_FLOW_REVIEWED","Entire first-party production file/input read; callers, ownership and runtime cost classified","PERF-029"
"FancyWM/Controls/TilingPanel.xaml","first_party_production","overlay_wpf","FULL_CONTROL_FLOW_REVIEWED","Entire first-party production file/input read; callers, ownership and runtime cost classified",""
"FancyWM/Controls/TilingPanel.xaml.cs","first_party_production","overlay_wpf","FULL_CONTROL_FLOW_REVIEWED","Entire first-party production file/input read; callers, ownership and runtime cost classified",""
"FancyWM/Controls/TilingWindow.xaml","first_party_production","overlay_wpf","FULL_CONTROL_FLOW_REVIEWED","Entire first-party production file/input read; callers, ownership and runtime cost classified","PERF-028"
"FancyWM/Controls/TilingWindow.xaml.cs","first_party_production","overlay_wpf","FULL_CONTROL_FLOW_REVIEWED","Entire first-party production file/input read; callers, ownership and runtime cost classified","PERF-028"
"FancyWM/Converters/ActivationHotkeyConverter.cs","first_party_production","wpf_ui","FULL_CONTROL_FLOW_REVIEWED","Entire first-party production file/input read; callers, ownership and runtime cost classified",""
"FancyWM/Converters/ColorConverter.cs","first_party_production","wpf_ui","FULL_CONTROL_FLOW_REVIEWED","Entire first-party production file/input read; callers, ownership and runtime cost classified",""
"FancyWM/Converters/KeybindingConverter.cs","first_party_production","wpf_ui","FULL_CONTROL_FLOW_REVIEWED","Entire first-party production file/input read; callers, ownership and runtime cost classified",""
"FancyWM/FancyWM.bat","first_party_production","build_startup_packaging","FULL_CONTROL_FLOW_REVIEWED","Entire first-party production file/input read; callers, ownership and runtime cost classified",""
"FancyWM/FancyWM.csproj","first_party_production","build_startup_packaging","FULL_CONTROL_FLOW_REVIEWED","Entire first-party production file/input read; callers, ownership and runtime cost classified",""
"FancyWM/Icon4.ico","first_party_binary_asset","repository_misc","BINARY_INVENTORIED","Type, size, packaging/loading reference reviewed; binary content not reverse-engineered",""
"FancyWM/ITilingService.cs","first_party_production","tiling_core","FULL_CONTROL_FLOW_REVIEWED","Entire first-party production file/input read; callers, ownership and runtime cost classified","PERF-002;PERF-004;PERF-006;PERF-007;PERF-008;PERF-009;PERF-019;PERF-022"
"FancyWM/IWindowManager.cs","first_party_production","repository_misc","FULL_CONTROL_FLOW_REVIEWED","Entire first-party production file/input read; callers, ownership and runtime cost classified",""
"FancyWM/MainWindow.xaml","first_party_production","startup_lifecycle","FULL_CONTROL_FLOW_REVIEWED","Entire first-party production file/input read; callers, ownership and runtime cost classified","PERF-002;PERF-011;PERF-013;PERF-014;PERF-016;PERF-019;PERF-024;PERF-026;PERF-030;PERF-031;PERF-037"
"FancyWM/MainWindow.xaml.cs","first_party_production","startup_lifecycle","FULL_CONTROL_FLOW_REVIEWED","Entire first-party production file/input read; callers, ownership and runtime cost classified","PERF-002;PERF-011;PERF-013;PERF-014;PERF-016;PERF-019;PERF-024;PERF-026;PERF-030;PERF-031;PERF-037"
"FancyWM/Models/ActivationHotkey.cs","first_party_production","repository_misc","FULL_CONTROL_FLOW_REVIEWED","Entire first-party production file/input read; callers, ownership and runtime cost classified",""
"FancyWM/Models/AppState.cs","first_party_production","repository_misc","FULL_CONTROL_FLOW_REVIEWED","Entire first-party production file/input read; callers, ownership and runtime cost classified",""
"FancyWM/Models/BindableAction.cs","first_party_production","repository_misc","FULL_CONTROL_FLOW_REVIEWED","Entire first-party production file/input read; callers, ownership and runtime cost classified",""
"FancyWM/Models/Entities.cs","first_party_production","settings_persistence_ui","FULL_CONTROL_FLOW_REVIEWED","Entire first-party production file/input read; callers, ownership and runtime cost classified","PERF-014"
"FancyWM/Models/KeybindingDictionary.cs","first_party_production","repository_misc","FULL_CONTROL_FLOW_REVIEWED","Entire first-party production file/input read; callers, ownership and runtime cost classified","PERF-033"
"FancyWM/Models/MasterSatelliteLayoutSettings.cs","first_party_production","repository_misc","FULL_CONTROL_FLOW_REVIEWED","Entire first-party production file/input read; callers, ownership and runtime cost classified","PERF-006;PERF-007;PERF-008"
"FancyWM/Models/PageItem.cs","first_party_production","repository_misc","FULL_CONTROL_FLOW_REVIEWED","Entire first-party production file/input read; callers, ownership and runtime cost classified",""
"FancyWM/Models/Settings.cs","first_party_production","settings_persistence_ui","FULL_CONTROL_FLOW_REVIEWED","Entire first-party production file/input read; callers, ownership and runtime cost classified","PERF-014"
"FancyWM/MultiDisplayActiveDisplaySelector.cs","first_party_production","tiling_core","FULL_CONTROL_FLOW_REVIEWED","Entire first-party production file/input read; callers, ownership and runtime cost classified",""
"FancyWM/MultiDisplayTilingService.cs","first_party_production","tiling_core","FULL_CONTROL_FLOW_REVIEWED","Entire first-party production file/input read; callers, ownership and runtime cost classified","PERF-002;PERF-003;PERF-004;PERF-006;PERF-007;PERF-008;PERF-009;PERF-016;PERF-019;PERF-022"
"FancyWM/Pages/Settings/AboutPage.xaml","first_party_production","settings_persistence_ui","FULL_CONTROL_FLOW_REVIEWED","Entire first-party production file/input read; callers, ownership and runtime cost classified","PERF-032"
"FancyWM/Pages/Settings/AboutPage.xaml.cs","first_party_production","settings_persistence_ui","FULL_CONTROL_FLOW_REVIEWED","Entire first-party production file/input read; callers, ownership and runtime cost classified","PERF-032"
"FancyWM/Pages/Settings/AdvancedPage.xaml","first_party_production","settings_persistence_ui","FULL_CONTROL_FLOW_REVIEWED","Entire first-party production file/input read; callers, ownership and runtime cost classified",""
"FancyWM/Pages/Settings/AdvancedPage.xaml.cs","first_party_production","settings_persistence_ui","FULL_CONTROL_FLOW_REVIEWED","Entire first-party production file/input read; callers, ownership and runtime cost classified",""
"FancyWM/Pages/Settings/GeneralPage.xaml","first_party_production","settings_persistence_ui","FULL_CONTROL_FLOW_REVIEWED","Entire first-party production file/input read; callers, ownership and runtime cost classified",""
"FancyWM/Pages/Settings/GeneralPage.xaml.cs","first_party_production","settings_persistence_ui","FULL_CONTROL_FLOW_REVIEWED","Entire first-party production file/input read; callers, ownership and runtime cost classified",""
"FancyWM/Pages/Settings/HelpPage.xaml","first_party_production","settings_persistence_ui","FULL_CONTROL_FLOW_REVIEWED","Entire first-party production file/input read; callers, ownership and runtime cost classified","PERF-027;PERF-032"
"FancyWM/Pages/Settings/HelpPage.xaml.cs","first_party_production","settings_persistence_ui","FULL_CONTROL_FLOW_REVIEWED","Entire first-party production file/input read; callers, ownership and runtime cost classified","PERF-027;PERF-032"
"FancyWM/Pages/Settings/InteractionPage.xaml","first_party_production","settings_persistence_ui","FULL_CONTROL_FLOW_REVIEWED","Entire first-party production file/input read; callers, ownership and runtime cost classified",""
"FancyWM/Pages/Settings/InteractionPage.xaml.cs","first_party_production","settings_persistence_ui","FULL_CONTROL_FLOW_REVIEWED","Entire first-party production file/input read; callers, ownership and runtime cost classified",""
"FancyWM/Pages/Settings/InterfacePage.xaml","first_party_production","settings_persistence_ui","FULL_CONTROL_FLOW_REVIEWED","Entire first-party production file/input read; callers, ownership and runtime cost classified",""
"FancyWM/Pages/Settings/InterfacePage.xaml.cs","first_party_production","settings_persistence_ui","FULL_CONTROL_FLOW_REVIEWED","Entire first-party production file/input read; callers, ownership and runtime cost classified",""
"FancyWM/Pages/Settings/KeybindingsPage.xaml","first_party_production","settings_persistence_ui","FULL_CONTROL_FLOW_REVIEWED","Entire first-party production file/input read; callers, ownership and runtime cost classified","PERF-032"
"FancyWM/Pages/Settings/KeybindingsPage.xaml.cs","first_party_production","settings_persistence_ui","FULL_CONTROL_FLOW_REVIEWED","Entire first-party production file/input read; callers, ownership and runtime cost classified","PERF-032"
"FancyWM/Pages/Settings/LayoutsPage.xaml","first_party_production","settings_persistence_ui","FULL_CONTROL_FLOW_REVIEWED","Entire first-party production file/input read; callers, ownership and runtime cost classified",""
"FancyWM/Pages/Settings/LayoutsPage.xaml.cs","first_party_production","settings_persistence_ui","FULL_CONTROL_FLOW_REVIEWED","Entire first-party production file/input read; callers, ownership and runtime cost classified",""
"FancyWM/Pages/Settings/MasterSatellitePreviewPlan.cs","first_party_production","settings_persistence_ui","FULL_CONTROL_FLOW_REVIEWED","Entire first-party production file/input read; callers, ownership and runtime cost classified","PERF-006;PERF-007;PERF-008"
"FancyWM/Pages/Settings/RulesPage.xaml","first_party_production","settings_persistence_ui","FULL_CONTROL_FLOW_REVIEWED","Entire first-party production file/input read; callers, ownership and runtime cost classified",""
"FancyWM/Pages/Settings/RulesPage.xaml.cs","first_party_production","settings_persistence_ui","FULL_CONTROL_FLOW_REVIEWED","Entire first-party production file/input read; callers, ownership and runtime cost classified",""
"FancyWM/Properties/launchSettings.json","first_party_production","repository_misc","FULL_CONTROL_FLOW_REVIEWED","Entire first-party production file/input read; callers, ownership and runtime cost classified",""
"FancyWM/Properties/Settings.settings","first_party_production","repository_misc","FULL_CONTROL_FLOW_REVIEWED","Entire first-party production file/input read; callers, ownership and runtime cost classified",""
"FancyWM/Resources/FancyWM.ahk.bin","first_party_binary_asset","resources_localization","BINARY_INVENTORIED","Type, size, packaging/loading reference reviewed; binary content not reverse-engineered",""
"FancyWM/Resources/FancyWM.lnk.bin","first_party_binary_asset","resources_localization","BINARY_INVENTORIED","Type, size, packaging/loading reference reviewed; binary content not reverse-engineered",""
"FancyWM/Resources/Files.Designer.cs","generated_from_first_party_resx","resources_localization","GENERATED_OUTPUT_REVIEWED","Generator source resx and ResourceManager runtime call pattern reviewed",""
"FancyWM/Resources/Files.resx","first_party_production","resources_localization","FULL_CONTROL_FLOW_REVIEWED","Entire first-party production file/input read; callers, ownership and runtime cost classified",""
"FancyWM/Resources/hand_grab.cur","first_party_binary_asset","resources_localization","BINARY_INVENTORIED","Type, size, packaging/loading reference reviewed; binary content not reverse-engineered",""
"FancyWM/Resources/hand_grabbing.cur","first_party_binary_asset","resources_localization","BINARY_INVENTORIED","Type, size, packaging/loading reference reviewed; binary content not reverse-engineered",""
"FancyWM/Resources/Icon.ico","first_party_binary_asset","resources_localization","BINARY_INVENTORIED","Type, size, packaging/loading reference reviewed; binary content not reverse-engineered",""
"FancyWM/Resources/Strings.bg-BG.resx","first_party_production","resources_localization","FULL_CONTROL_FLOW_REVIEWED","Entire first-party production file/input read; callers, ownership and runtime cost classified",""
"FancyWM/Resources/Strings.Designer.cs","generated_from_first_party_resx","resources_localization","GENERATED_OUTPUT_REVIEWED","Generator source resx and ResourceManager runtime call pattern reviewed",""
"FancyWM/Resources/Strings.resx","first_party_production","resources_localization","FULL_CONTROL_FLOW_REVIEWED","Entire first-party production file/input read; callers, ownership and runtime cost classified",""
"FancyWM/Startup.cs","first_party_production","startup_lifecycle","FULL_CONTROL_FLOW_REVIEWED","Entire first-party production file/input read; callers, ownership and runtime cost classified","PERF-013;PERF-016;PERF-017;PERF-019;PERF-024;PERF-026"
"FancyWM/Themes/Fluent/Generic.xaml","first_party_production","theme_application","FULL_CONTROL_FLOW_REVIEWED","Entire first-party production file/input read; callers, ownership and runtime cost classified",""
"FancyWM/Themes/Fluent/Rounded.xaml","first_party_production","theme_application","FULL_CONTROL_FLOW_REVIEWED","Entire first-party production file/input read; callers, ownership and runtime cost classified",""
"FancyWM/Themes/Fluent/Squared.xaml","first_party_production","theme_application","FULL_CONTROL_FLOW_REVIEWED","Entire first-party production file/input read; callers, ownership and runtime cost classified",""
"FancyWM/TilingOverlayRenderer.cs","first_party_production","overlay_wpf","FULL_CONTROL_FLOW_REVIEWED","Entire first-party production file/input read; callers, ownership and runtime cost classified","PERF-011;PERF-021;PERF-025;PERF-028;PERF-029"
"FancyWM/TilingService.cs","first_party_production","tiling_core","FULL_CONTROL_FLOW_REVIEWED","Entire first-party production file/input read; callers, ownership and runtime cost classified","PERF-002;PERF-004;PERF-006;PERF-007;PERF-008;PERF-009;PERF-019;PERF-022"
"FancyWM/TilingService.MasterSatellite.Commands.cs","first_party_production","tiling_core","FULL_CONTROL_FLOW_REVIEWED","Entire first-party production file/input read; callers, ownership and runtime cost classified","PERF-002;PERF-004;PERF-006;PERF-007;PERF-008;PERF-009;PERF-019;PERF-022"
"FancyWM/TilingService.MasterSatellite.cs","first_party_production","tiling_core","FULL_CONTROL_FLOW_REVIEWED","Entire first-party production file/input read; callers, ownership and runtime cost classified","PERF-002;PERF-004;PERF-006;PERF-007;PERF-008;PERF-009;PERF-019;PERF-022"
"FancyWM/TilingService.Private.cs","first_party_production","tiling_core","FULL_CONTROL_FLOW_REVIEWED","Entire first-party production file/input read; callers, ownership and runtime cost classified","PERF-002;PERF-004;PERF-006;PERF-007;PERF-008;PERF-009;PERF-019;PERF-022"
"FancyWM/TilingWorkspace.Algorithmic.cs","first_party_production","tiling_core","FULL_CONTROL_FLOW_REVIEWED","Entire first-party production file/input read; callers, ownership and runtime cost classified","PERF-007;PERF-008;PERF-009;PERF-022"
"FancyWM/TilingWorkspace.cs","first_party_production","tiling_core","FULL_CONTROL_FLOW_REVIEWED","Entire first-party production file/input read; callers, ownership and runtime cost classified","PERF-007;PERF-008;PERF-009;PERF-022"
"FancyWM/Toasts/IToastService.cs","first_party_production","toast_wpf","FULL_CONTROL_FLOW_REVIEWED","Entire first-party production file/input read; callers, ownership and runtime cost classified","PERF-026"
"FancyWM/Toasts/ToastService.cs","first_party_production","toast_wpf","FULL_CONTROL_FLOW_REVIEWED","Entire first-party production file/input read; callers, ownership and runtime cost classified","PERF-026"
"FancyWM/Toasts/ToastWindow.xaml","first_party_production","toast_wpf","FULL_CONTROL_FLOW_REVIEWED","Entire first-party production file/input read; callers, ownership and runtime cost classified","PERF-026"
"FancyWM/Toasts/ToastWindow.xaml.cs","first_party_production","toast_wpf","FULL_CONTROL_FLOW_REVIEWED","Entire first-party production file/input read; callers, ownership and runtime cost classified","PERF-026"
"FancyWM/Utilities/AnimationThread.cs","first_party_production","animation","FULL_CONTROL_FLOW_REVIEWED","Entire first-party production file/input read; callers, ownership and runtime cost classified","PERF-010"
"FancyWM/Utilities/Autostart.cs","first_party_production","utilities","FULL_CONTROL_FLOW_REVIEWED","Entire first-party production file/input read; callers, ownership and runtime cost classified",""
"FancyWM/Utilities/BindingErrorListener.cs","first_party_production","utilities","FULL_CONTROL_FLOW_REVIEWED","Entire first-party production file/input read; callers, ownership and runtime cost classified",""
"FancyWM/Utilities/CircularBuffer.cs","first_party_production","utilities","FULL_CONTROL_FLOW_REVIEWED","Entire first-party production file/input read; callers, ownership and runtime cost classified",""
"FancyWM/Utilities/Collections.cs","first_party_production","utilities","FULL_CONTROL_FLOW_REVIEWED","Entire first-party production file/input read; callers, ownership and runtime cost classified","PERF-029;PERF-033"
"FancyWM/Utilities/ColorExtensions.cs","first_party_production","utilities","FULL_CONTROL_FLOW_REVIEWED","Entire first-party production file/input read; callers, ownership and runtime cost classified",""
"FancyWM/Utilities/CountdownTimer.cs","first_party_production","utilities","FULL_CONTROL_FLOW_REVIEWED","Entire first-party production file/input read; callers, ownership and runtime cost classified",""
"FancyWM/Utilities/Counter.cs","first_party_production","utilities","FULL_CONTROL_FLOW_REVIEWED","Entire first-party production file/input read; callers, ownership and runtime cost classified",""
"FancyWM/Utilities/DebugLock.cs","first_party_production","utilities","FULL_CONTROL_FLOW_REVIEWED","Entire first-party production file/input read; callers, ownership and runtime cost classified",""
"FancyWM/Utilities/DelegateCommand.cs","first_party_production","utilities","FULL_CONTROL_FLOW_REVIEWED","Entire first-party production file/input read; callers, ownership and runtime cost classified",""
"FancyWM/Utilities/DependencyObjectExtensions.cs","first_party_production","utilities","FULL_CONTROL_FLOW_REVIEWED","Entire first-party production file/input read; callers, ownership and runtime cost classified",""
"FancyWM/Utilities/Dispatchers.cs","first_party_production","utilities","FULL_CONTROL_FLOW_REVIEWED","Entire first-party production file/input read; callers, ownership and runtime cost classified",""
"FancyWM/Utilities/Draggable.cs","first_party_production","utilities","FULL_CONTROL_FLOW_REVIEWED","Entire first-party production file/input read; callers, ownership and runtime cost classified","PERF-034"
"FancyWM/Utilities/Easings.cs","first_party_production","utilities","FULL_CONTROL_FLOW_REVIEWED","Entire first-party production file/input read; callers, ownership and runtime cost classified",""
"FancyWM/Utilities/ErrorEncoder.cs","first_party_production","utilities","FULL_CONTROL_FLOW_REVIEWED","Entire first-party production file/input read; callers, ownership and runtime cost classified",""
"FancyWM/Utilities/ExplorerFeature.cs","first_party_production","utilities","FULL_CONTROL_FLOW_REVIEWED","Entire first-party production file/input read; callers, ownership and runtime cost classified",""
"FancyWM/Utilities/FauxMicaProvider.cs","first_party_production","mica_wallpaper","FULL_CONTROL_FLOW_REVIEWED","Entire first-party production file/input read; callers, ownership and runtime cost classified","PERF-013;PERF-016"
"FancyWM/Utilities/FocusHelper.cs","first_party_production","focus_native","FULL_CONTROL_FLOW_REVIEWED","Entire first-party production file/input read; callers, ownership and runtime cost classified","PERF-030"
"FancyWM/Utilities/GCHelper.cs","first_party_production","settings_webview","FULL_CONTROL_FLOW_REVIEWED","Entire first-party production file/input read; callers, ownership and runtime cost classified","PERF-018"
"FancyWM/Utilities/IMicaProvider.cs","first_party_production","mica_wallpaper","FULL_CONTROL_FLOW_REVIEWED","Entire first-party production file/input read; callers, ownership and runtime cost classified","PERF-013;PERF-016"
"FancyWM/Utilities/IWindowMatcher.cs","first_party_production","utilities","FULL_CONTROL_FLOW_REVIEWED","Entire first-party production file/input read; callers, ownership and runtime cost classified",""
"FancyWM/Utilities/KeyCode.cs","first_party_production","utilities","FULL_CONTROL_FLOW_REVIEWED","Entire first-party production file/input read; callers, ownership and runtime cost classified",""
"FancyWM/Utilities/KeyDescriptions.cs","first_party_production","utilities","FULL_CONTROL_FLOW_REVIEWED","Entire first-party production file/input read; callers, ownership and runtime cost classified",""
"FancyWM/Utilities/KeyPatternListener.cs","first_party_production","input_hooks_hotkeys","FULL_CONTROL_FLOW_REVIEWED","Entire first-party production file/input read; callers, ownership and runtime cost classified",""
"FancyWM/Utilities/LineWriter.cs","first_party_production","utilities","FULL_CONTROL_FLOW_REVIEWED","Entire first-party production file/input read; callers, ownership and runtime cost classified",""
"FancyWM/Utilities/LogFileViewer.cs","first_party_production","utilities","FULL_CONTROL_FLOW_REVIEWED","Entire first-party production file/input read; callers, ownership and runtime cost classified",""
"FancyWM/Utilities/LowLevelHotkey.cs","first_party_production","input_hooks_hotkeys","FULL_CONTROL_FLOW_REVIEWED","Entire first-party production file/input read; callers, ownership and runtime cost classified","PERF-016;PERF-031"
"FancyWM/Utilities/LowLevelKeyboardHook.cs","first_party_production","input_hooks_hotkeys","FULL_CONTROL_FLOW_REVIEWED","Entire first-party production file/input read; callers, ownership and runtime cost classified","PERF-016;PERF-017;PERF-031"
"FancyWM/Utilities/LowLevelKeyPatternListener.cs","first_party_production","input_hooks_hotkeys","FULL_CONTROL_FLOW_REVIEWED","Entire first-party production file/input read; callers, ownership and runtime cost classified",""
"FancyWM/Utilities/LowLevelMouseHook.cs","first_party_production","input_hooks_hotkeys","FULL_CONTROL_FLOW_REVIEWED","Entire first-party production file/input read; callers, ownership and runtime cost classified","PERF-016;PERF-017;PERF-031"
"FancyWM/Utilities/ModifierWindowMover.cs","first_party_production","input_hooks_hotkeys","FULL_CONTROL_FLOW_REVIEWED","Entire first-party production file/input read; callers, ownership and runtime cost classified",""
"FancyWM/Utilities/NotifyUnhandledObserver.cs","first_party_production","utilities","FULL_CONTROL_FLOW_REVIEWED","Entire first-party production file/input read; callers, ownership and runtime cost classified",""
"FancyWM/Utilities/Publishing.cs","first_party_production","utilities","FULL_CONTROL_FLOW_REVIEWED","Entire first-party production file/input read; callers, ownership and runtime cost classified",""
"FancyWM/Utilities/ReleaseChecker.cs","first_party_production","utilities","FULL_CONTROL_FLOW_REVIEWED","Entire first-party production file/input read; callers, ownership and runtime cost classified",""
"FancyWM/Utilities/ResourceProxyHost.cs","first_party_production","utilities","FULL_CONTROL_FLOW_REVIEWED","Entire first-party production file/input read; callers, ownership and runtime cost classified",""
"FancyWM/Utilities/SystemParameters.cs","first_party_production","utilities","FULL_CONTROL_FLOW_REVIEWED","Entire first-party production file/input read; callers, ownership and runtime cost classified",""
"FancyWM/Utilities/SystemWallpaper.cs","first_party_production","mica_wallpaper","FULL_CONTROL_FLOW_REVIEWED","Entire first-party production file/input read; callers, ownership and runtime cost classified","PERF-013;PERF-016"
"FancyWM/Utilities/Tasks.cs","first_party_production","utilities","FULL_CONTROL_FLOW_REVIEWED","Entire first-party production file/input read; callers, ownership and runtime cost classified",""
"FancyWM/Utilities/ThemeEngineManager.cs","first_party_production","theme_application","FULL_CONTROL_FLOW_REVIEWED","Entire first-party production file/input read; callers, ownership and runtime cost classified","PERF-015;PERF-024;PERF-036"
"FancyWM/Utilities/ThemeEngineManager.Template.cs","first_party_production","theme_application","FULL_CONTROL_FLOW_REVIEWED","Entire first-party production file/input read; callers, ownership and runtime cost classified","PERF-015;PERF-024;PERF-036"
"FancyWM/Utilities/TransitionTarget.cs","first_party_production","animation","FULL_CONTROL_FLOW_REVIEWED","Entire first-party production file/input read; callers, ownership and runtime cost classified","PERF-010"
"FancyWM/Utilities/TransitionTargetGroup.cs","first_party_production","animation","FULL_CONTROL_FLOW_REVIEWED","Entire first-party production file/input read; callers, ownership and runtime cost classified","PERF-010"
"FancyWM/Utilities/UnmanagedResourceGuard.cs","first_party_production","utilities","FULL_CONTROL_FLOW_REVIEWED","Entire first-party production file/input read; callers, ownership and runtime cost classified",""
"FancyWM/Utilities/UnsupportedOSVersionException.cs","first_party_production","utilities","FULL_CONTROL_FLOW_REVIEWED","Entire first-party production file/input read; callers, ownership and runtime cost classified",""
"FancyWM/Utilities/WinAero.cs","first_party_production","utilities","FULL_CONTROL_FLOW_REVIEWED","Entire first-party production file/input read; callers, ownership and runtime cost classified",""
"FancyWM/Utilities/WindowCopyDataHelper.cs","first_party_production","settings_webview","FULL_CONTROL_FLOW_REVIEWED","Entire first-party production file/input read; callers, ownership and runtime cost classified",""
"FancyWM/Utilities/WindowDragger.cs","first_party_production","utilities","FULL_CONTROL_FLOW_REVIEWED","Entire first-party production file/input read; callers, ownership and runtime cost classified",""
"FancyWM/Utilities/WindowExtensions.cs","first_party_production","icons_native_logging","FULL_CONTROL_FLOW_REVIEWED","Entire first-party production file/input read; callers, ownership and runtime cost classified","PERF-012;PERF-019;PERF-023"
"FancyWM/Utilities/WorkspaceExtensions.cs","first_party_production","utilities","FULL_CONTROL_FLOW_REVIEWED","Entire first-party production file/input read; callers, ownership and runtime cost classified",""
"FancyWM/ViewModels/DelegateCommand.cs","first_party_production","wpf_ui","FULL_CONTROL_FLOW_REVIEWED","Entire first-party production file/input read; callers, ownership and runtime cost classified",""
"FancyWM/ViewModels/KeybindingViewModel.cs","first_party_production","wpf_ui","FULL_CONTROL_FLOW_REVIEWED","Entire first-party production file/input read; callers, ownership and runtime cost classified",""
"FancyWM/ViewModels/SettingsViewModel.cs","first_party_production","settings_persistence_ui","FULL_CONTROL_FLOW_REVIEWED","Entire first-party production file/input read; callers, ownership and runtime cost classified","PERF-014;PERF-025;PERF-033"
"FancyWM/ViewModels/TilingNodeViewModel.cs","first_party_production","wpf_ui","FULL_CONTROL_FLOW_REVIEWED","Entire first-party production file/input read; callers, ownership and runtime cost classified",""
"FancyWM/ViewModels/TilingOverlayViewModel.cs","first_party_production","overlay_wpf","FULL_CONTROL_FLOW_REVIEWED","Entire first-party production file/input read; callers, ownership and runtime cost classified","PERF-025;PERF-029"
"FancyWM/ViewModels/TilingPanelViewModel.cs","first_party_production","overlay_wpf","FULL_CONTROL_FLOW_REVIEWED","Entire first-party production file/input read; callers, ownership and runtime cost classified",""
"FancyWM/ViewModels/TilingWindowViewModel.cs","first_party_production","overlay_wpf","FULL_CONTROL_FLOW_REVIEWED","Entire first-party production file/input read; callers, ownership and runtime cost classified","PERF-021;PERF-028"
"FancyWM/ViewModels/ViewModelBase.cs","first_party_production","wpf_ui","FULL_CONTROL_FLOW_REVIEWED","Entire first-party production file/input read; callers, ownership and runtime cost classified","PERF-025;PERF-029"
"FancyWM/Windows/AboutWindow.xaml","first_party_production","wpf_ui","FULL_CONTROL_FLOW_REVIEWED","Entire first-party production file/input read; callers, ownership and runtime cost classified",""
"FancyWM/Windows/AboutWindow.xaml.cs","first_party_production","wpf_ui","FULL_CONTROL_FLOW_REVIEWED","Entire first-party production file/input read; callers, ownership and runtime cost classified",""
"FancyWM/Windows/ErrorMessageBox.xaml","first_party_production","wpf_ui","FULL_CONTROL_FLOW_REVIEWED","Entire first-party production file/input read; callers, ownership and runtime cost classified",""
"FancyWM/Windows/ErrorMessageBox.xaml.cs","first_party_production","wpf_ui","FULL_CONTROL_FLOW_REVIEWED","Entire first-party production file/input read; callers, ownership and runtime cost classified",""
"FancyWM/Windows/MessageBox.xaml","first_party_production","wpf_ui","FULL_CONTROL_FLOW_REVIEWED","Entire first-party production file/input read; callers, ownership and runtime cost classified",""
"FancyWM/Windows/MessageBox.xaml.cs","first_party_production","wpf_ui","FULL_CONTROL_FLOW_REVIEWED","Entire first-party production file/input read; callers, ownership and runtime cost classified",""
"FancyWM/Windows/OverlayHost.cs","first_party_production","overlay_wpf","FULL_CONTROL_FLOW_REVIEWED","Entire first-party production file/input read; callers, ownership and runtime cost classified","PERF-011;PERF-021;PERF-026"
"FancyWM/Windows/OverlayHost.OverlayWindow.cs","first_party_production","overlay_wpf","FULL_CONTROL_FLOW_REVIEWED","Entire first-party production file/input read; callers, ownership and runtime cost classified","PERF-011;PERF-021;PERF-026"
"FancyWM/Windows/SettingsWindow.xaml","first_party_production","settings_persistence_ui","FULL_CONTROL_FLOW_REVIEWED","Entire first-party production file/input read; callers, ownership and runtime cost classified","PERF-027;PERF-032"
"FancyWM/Windows/SettingsWindow.xaml.cs","first_party_production","settings_persistence_ui","FULL_CONTROL_FLOW_REVIEWED","Entire first-party production file/input read; callers, ownership and runtime cost classified","PERF-027;PERF-032"
"FancyWM/Windows/StartupWindow.xaml","first_party_production","startup_lifecycle","FULL_CONTROL_FLOW_REVIEWED","Entire first-party production file/input read; callers, ownership and runtime cost classified",""
"FancyWM/Windows/StartupWindow.xaml.cs","first_party_production","startup_lifecycle","FULL_CONTROL_FLOW_REVIEWED","Entire first-party production file/input read; callers, ownership and runtime cost classified",""
"FancyWM/WorkspaceFloatingWindowRegistry.cs","first_party_production","repository_misc","FULL_CONTROL_FLOW_REVIEWED","Entire first-party production file/input read; callers, ownership and runtime cost classified",""
"funding.yml","first_party_documentation","repository_misc","DOCUMENT_INVENTORIED","Repository documentation inventoried; no runtime code",""
"BEGIN_PROMT.md","user_untracked_baseline","repository_baseline","HASHED_NOT_EDITED","Relevant pre-existing untracked file; included in snapshot identity and intentionally not interpreted as production code",""
"CONTINUE_PROMT.md","user_untracked_baseline","repository_baseline","HASHED_NOT_EDITED","Relevant pre-existing untracked file; included in snapshot identity and intentionally not interpreted as production code",""
"IMPLEMENTATION_STATUS.md","first_party_documentation","documentation","READ_COMPLETE","Read/created as audit evidence; requirements/status not treated as optimization implementation",""
"LICENSE","first_party_documentation","repository_misc","DOCUMENT_INVENTORIED","Repository documentation inventoried; no runtime code",""
"ModernWpf","third_party_pinned","repository_misc","BOUNDARY_REVIEWED_ONLY","Pinned SHA/API/control-flow ranges used by FancyWM; remainder of vendor not claimed reviewed",""
"ModernWpf/ModernWpf/Controls/ScrollViewerEx.cs","third_party_pinned","wpf_ui","BOUNDARY_REVIEWED_ONLY","Pinned SHA/API/control-flow ranges used by FancyWM; remainder of vendor not claimed reviewed",""
"ModernWpf/ModernWpf/Controls/SimpleStackPanel.cs","third_party_pinned","wpf_ui","BOUNDARY_REVIEWED_ONLY","Pinned SHA/API/control-flow ranges used by FancyWM; remainder of vendor not claimed reviewed",""
"ModernWpf/ModernWpf/Controls/XamlControlsResources.cs","third_party_pinned","wpf_ui","BOUNDARY_REVIEWED_ONLY","Pinned SHA/API/control-flow ranges used by FancyWM; remainder of vendor not claimed reviewed",""
"ModernWpf/ModernWpf/ThemeManager.cs","third_party_pinned","repository_misc","BOUNDARY_REVIEWED_ONLY","Pinned SHA/API/control-flow ranges used by FancyWM; remainder of vendor not claimed reviewed",""
"ModernWpf/ModernWpf/ThemeResources.cs","third_party_pinned","repository_misc","BOUNDARY_REVIEWED_ONLY","Pinned SHA/API/control-flow ranges used by FancyWM; remainder of vendor not claimed reviewed",""
"PERFORMANCE_STATUS.md","first_party_documentation","documentation","READ_COMPLETE","Read/created as audit evidence; requirements/status not treated as optimization implementation","PERF-001;PERF-005;PERF-015"
"PERFORMANCE_TODO.md","first_party_documentation","documentation","READ_COMPLETE","Read/created as audit evidence; requirements/status not treated as optimization implementation","PERF-001;PERF-005;PERF-015"
"README.md","first_party_documentation","documentation","READ_COMPLETE","Read/created as audit evidence; requirements/status not treated as optimization implementation",""
"scripts/performance/FancyWM.PerformanceHarness.csproj","first_party_audit_harness","build_startup_packaging","AUDIT_HARNESS_REVIEWED","Isolated only; not in solution/startup/normal tests; inputs and limitations reviewed","PERF-001;PERF-005;PERF-015"
"scripts/performance/Measure-ThemeConversion.ps1","first_party_audit_harness","repository_misc","AUDIT_HARNESS_REVIEWED","Isolated only; not in solution/startup/normal tests; inputs and limitations reviewed","PERF-001;PERF-005;PERF-015"
"scripts/performance/Program.cs","first_party_audit_harness","repository_misc","AUDIT_HARNESS_REVIEWED","Isolated only; not in solution/startup/normal tests; inputs and limitations reviewed","PERF-001;PERF-005;PERF-015"
"scripts/performance/README.md","first_party_audit_harness","documentation","AUDIT_HARNESS_REVIEWED","Isolated only; not in solution/startup/normal tests; inputs and limitations reviewed","PERF-001;PERF-005;PERF-015"
"TODO.md","first_party_documentation","documentation","READ_COMPLETE","Read/created as audit evidence; requirements/status not treated as optimization implementation",""
"version.json","first_party_build_repository","build_startup_packaging","BUILD_INPUT_REVIEWED","Build/CI/repository input reviewed; relevant commands executed",""
"winman","third_party_pinned","repository_misc","BOUNDARY_REVIEWED_ONLY","Pinned SHA/API/control-flow ranges used by FancyWM; remainder of vendor not claimed reviewed",""
"winman-windows","third_party_pinned","repository_misc","BOUNDARY_REVIEWED_ONLY","Pinned SHA/API/control-flow ranges used by FancyWM; remainder of vendor not claimed reviewed",""
"winman-windows/src/WinMan.Windows.DllImports/NativeMethods.cs","third_party_pinned","native_interop_generation","BOUNDARY_REVIEWED_ONLY","Pinned SHA/API/control-flow ranges used by FancyWM; remainder of vendor not claimed reviewed","PERF-012"
"winman-windows/src/WinMan.Windows/Windows/Win32Display.cs","third_party_pinned","wpf_ui","BOUNDARY_REVIEWED_ONLY","Pinned SHA/API/control-flow ranges used by FancyWM; remainder of vendor not claimed reviewed","PERF-002;PERF-022"
"winman-windows/src/WinMan.Windows/Windows/Win32DisplayManager.cs","third_party_pinned","wpf_ui","BOUNDARY_REVIEWED_ONLY","Pinned SHA/API/control-flow ranges used by FancyWM; remainder of vendor not claimed reviewed","PERF-002;PERF-022"
"winman-windows/src/WinMan.Windows/Windows/Win32VirtualDesktop.cs","third_party_pinned","wpf_ui","BOUNDARY_REVIEWED_ONLY","Pinned SHA/API/control-flow ranges used by FancyWM; remainder of vendor not claimed reviewed","PERF-002;PERF-022"
"winman-windows/src/WinMan.Windows/Windows/Win32VirtualDesktopManager.cs","third_party_pinned","wpf_ui","BOUNDARY_REVIEWED_ONLY","Pinned SHA/API/control-flow ranges used by FancyWM; remainder of vendor not claimed reviewed","PERF-002;PERF-022"
"winman-windows/src/WinMan.Windows/Windows/Win32VirtualDesktopService26100.cs","third_party_pinned","wpf_ui","BOUNDARY_REVIEWED_ONLY","Pinned SHA/API/control-flow ranges used by FancyWM; remainder of vendor not claimed reviewed","PERF-002;PERF-022"
"winman-windows/src/WinMan.Windows/Windows/Win32Window.cs","third_party_pinned","wpf_ui","BOUNDARY_REVIEWED_ONLY","Pinned SHA/API/control-flow ranges used by FancyWM; remainder of vendor not claimed reviewed","PERF-002;PERF-022"
"winman-windows/src/WinMan.Windows/Windows/Win32Workspace.cs","third_party_pinned","wpf_ui","BOUNDARY_REVIEWED_ONLY","Pinned SHA/API/control-flow ranges used by FancyWM; remainder of vendor not claimed reviewed","PERF-001;PERF-002"
"winman/src/WinMan/IDisplay.cs","third_party_pinned","repository_misc","BOUNDARY_REVIEWED_ONLY","Pinned SHA/API/control-flow ranges used by FancyWM; remainder of vendor not claimed reviewed","PERF-002;PERF-022"
"winman/src/WinMan/IDisplayManager.cs","third_party_pinned","repository_misc","BOUNDARY_REVIEWED_ONLY","Pinned SHA/API/control-flow ranges used by FancyWM; remainder of vendor not claimed reviewed","PERF-002;PERF-022"
"winman/src/WinMan/IVirtualDesktop.cs","third_party_pinned","repository_misc","BOUNDARY_REVIEWED_ONLY","Pinned SHA/API/control-flow ranges used by FancyWM; remainder of vendor not claimed reviewed","PERF-002;PERF-022"
"winman/src/WinMan/IVirtualDesktopManager.cs","third_party_pinned","repository_misc","BOUNDARY_REVIEWED_ONLY","Pinned SHA/API/control-flow ranges used by FancyWM; remainder of vendor not claimed reviewed","PERF-002;PERF-022"
"winman/src/WinMan/IWindow.cs","third_party_pinned","repository_misc","BOUNDARY_REVIEWED_ONLY","Pinned SHA/API/control-flow ranges used by FancyWM; remainder of vendor not claimed reviewed","PERF-002;PERF-022"
"winman/src/WinMan/IWorkspace.cs","third_party_pinned","repository_misc","BOUNDARY_REVIEWED_ONLY","Pinned SHA/API/control-flow ranges used by FancyWM; remainder of vendor not claimed reviewed","PERF-002;PERF-022"
